[{"id":"cd4f247c-c04c-4336-8ddb-8760cf53dd0b","codename":"seo","last_modified":"2021-02-19T10:54:04.7709548Z","name":"SEO","elements":[{"maximum_text_length":null,"name":"Title","guidelines":null,"is_required":false,"type":"text","id":"28610917-4e68-48ef-9a7d-012f286325c7","codename":"seo__title"},{"maximum_text_length":{"value":160,"applies_to":"characters"},"name":"Description","guidelines":null,"is_required":false,"type":"text","id":"a50872bb-2bf5-4b45-8cd7-caff7d4a66fa","codename":"seo__description"},{"maximum_text_length":null,"name":"Keywords","guidelines":null,"is_required":false,"type":"text","id":"f2b4c652-7248-4a31-8d2c-4e485a1dfe39","codename":"seo__keywords"},{"maximum_text_length":null,"name":"Canonical URL","guidelines":null,"is_required":false,"type":"text","id":"d7ee1702-d35d-4c51-a179-c8b26c87b467","codename":"seo__canonical_url"},{"mode":"multiple","options":[{"id":"38d1a7cd-3265-4d76-8f10-69eb091db944","codename":"no_index","name":"No Index"}],"name":"Options","guidelines":null,"is_required":false,"type":"multiple_choice","id":"81b73859-a544-4eb9-9468-2d93e423c9f9","codename":"seo__options"}]}]